web_id,reason,script,timestamp
1168,MANUAL_SET,user_request_set_all,2026-02-08T16:43:03.860697Z
1218,MANUAL_SET,user_request_set_all,2026-02-08T16:43:03.860697Z
1101,MANUAL_SET,user_request_set_all,2026-02-08T16:43:03.860697Z
1501,MANUAL_SET,user_request_set_all,2026-02-08T16:43:03.860697Z
1034,MANUAL_SET,user_request_set_all,2026-02-08T16:43:03.860697Z
1784,MANUAL_SET,user_request_set_all,2026-02-08T16:43:03.860697Z
2261,MANUAL_SET,user_request_set_all,2026-02-08T16:43:03.860697Z
385,MANUAL_SET,user_request_set_all,2026-02-08T16:43:03.860697Z
504,MANUAL_SET,user_request_set_all,2026-02-08T16:43:03.860697Z
644,MANUAL_SET,user_request_set_all,2026-02-08T16:43:03.860697Z
742,MANUAL_SET,user_request_set_all,2026-02-08T16:43:03.860697Z
1227,MANUAL_SET,user_request_set_all,2026-02-08T16:43:03.860697Z
1670,MANUAL_SET,user_request_set_all,2026-02-08T16:43:03.860697Z
1674,MANUAL_SET,user_request_set_all,2026-02-08T16:43:03.860697Z
2311,MANUAL_SET,user_request_set_all,2026-02-08T16:43:03.860697Z
2354,MANUAL_SET,user_request_set_all,2026-02-08T16:43:03.860697Z
2355,MANUAL_SET,user_request_set_all,2026-02-08T16:43:03.860697Z
2356,MANUAL_SET,user_request_set_all,2026-02-08T16:43:03.860697Z
2402,MANUAL_SET,user_request_set_all,2026-02-08T16:43:03.860697Z
